Survey_date,Survey_time
2021-07-30,2021-07-30T10:00:00Z
2021-08-03,2021-08-03T10:45:00Z
2021-08-05,2021-08-05T15:15:00Z
2021-08-06,2021-08-06T10:00:00Z
2021-08-07,2021-08-07T10:15:00Z
2021-08-08,2021-08-08T11:00:00Z
2021-08-10,2021-08-10T10:00:00Z
2021-08-11,2021-08-11T09:30:00Z
2021-08-13,2021-08-13T09:30:00Z
2021-08-14,2021-08-14T10:00:00Z
2021-08-15,2021-08-15T08:45:00Z
2021-08-16,2021-08-16T09:30:00Z
2021-08-17,2021-08-17T08:45:00Z
2021-08-18,2021-08-18T08:15:00Z
2021-08-19,2021-08-19T09:00:00Z
2021-08-20,2021-08-20T08:45:00Z
2021-08-21,2021-08-21T08:30:00Z
2021-08-22,2021-08-22T08:15:00Z
2021-08-23,2021-08-23T08:45:00Z
2021-08-24,2021-08-24T08:45:00Z
2021-08-25,2021-08-25T08:00:00Z
2021-08-26,2021-08-26T10:15:00Z
2021-08-27,2021-08-27T08:30:00Z
2021-08-28,2021-08-28T09:15:00Z
2021-08-30,2021-08-30T17:30:00Z
2021-08-31,2021-08-31T08:45:00Z
2021-09-01,2021-09-01T08:45:00Z
2021-09-02,2021-09-02T09:30:00Z
2021-09-03,2021-09-03T10:00:00Z
2021-09-04,2021-09-04T10:45:00Z
2021-09-05,2021-09-05T10:15:00Z
2021-09-06,2021-09-06T10:00:00Z
2021-09-07,2021-09-07T09:45:00Z
2021-09-08,2021-09-08T09:15:00Z
2021-09-10,2021-09-10T10:30:00Z
2021-09-28,2021-09-28T10:45:00Z
2021-10-17,2021-10-17T14:15:00Z
