ID,time,dist,min_dist,max_dist,duration,system
1,227.36458333333337,0,NA,NA,NA,rov
1,227.416666666667,NA,0,42,0.011377314814581041,stat
1,227.458333333333,NA,0,32,0.002847222222271739,stat
1,227.458333333333,NA,0,42,0.010995370370494584,stat
1,227.458333333333,NA,152,218,2.4305555555770297e-4,stat
1,227.5,NA,0,32,0.008738425925997717,stat
1,227.5,NA,0,42,0.01696759259274927,stat
1,227.541666666667,NA,0,32,0.0011805555556065883,stat
1,227.541666666667,NA,0,42,0.011296296296421815,stat
1,227.541666666667,NA,152,218,2.3148148147811298e-4,stat
1,227.583333333333,NA,0,32,7.175925926787841e-4,stat
1,227.583333333333,NA,0,42,0.0035532407408709332,stat
1,227.625,NA,0,32,0.0019328703703820338,stat
1,227.625,NA,0,42,0.007349537037129039,stat
1,227.666666666667,NA,0,32,0.00896990740747583,stat
1,227.666666666667,NA,0,42,0.012731481481438323,stat
1,227.708333333333,NA,0,32,0.0011111111111006267,stat
1,227.708333333333,NA,9,74,0.003344907407466735,stat
1,227.708333333333,NA,18,83,0.005532407407542905,stat
1,227.708333333333,NA,51,111,0.0022337962963661084,stat
1,227.708333333333,NA,60,119,0.0037384259259169994,stat
1,227.708333333333,NA,152,218,2.4305555555770297e-4,stat
1,228.125,NA,152,218,2.4305555555770297e-4,stat
1,228.125,NA,304,368,2.314814815065347e-4,stat
1,228.166666666667,NA,152,218,2.3148148147811298e-4,stat
1,228.333333333333,NA,152,218,2.4305555555770297e-4,stat
1,228.375,NA,152,218,2.3148148147811298e-4,stat
1,228.39583333333337,134,111,155,NA,rov
1,228.416666666667,NA,105,166,0.010347222222179653,stat
1,228.416666666667,NA,152,218,2.4305555555770297e-4,stat
1,228.458333333333,NA,105,166,0.0010648148148391101,stat
1,228.458333333333,NA,146,206,2.3148148147811298e-4,stat
1,228.5,NA,152,218,2.4305555555770297e-4,stat
1,228.541666666667,NA,105,166,8.564814815201771e-4,stat
1,228.541666666667,NA,152,218,0.004004629629577039,stat
1,228.583333333333,NA,152,218,0.049953703703636165,stat
1,228.625,NA,105,166,2.8935185184764123e-4,stat
1,228.625,NA,152,218,0.01586805555550086,stat
1,228.666666666667,NA,0,32,2.4305555558612468e-4,stat
1,228.666666666667,NA,105,166,0.04777777777772485,stat
1,228.666666666667,NA,152,218,0.032766203703886276,stat
1,228.708333333333,NA,105,166,0.04670138888877773,stat
1,228.708333333333,NA,152,218,0.0165856481481228,stat
1,228.75,NA,97,157,2.3148148147811298e-4,stat
1,228.75,NA,105,166,0.012453703703869223,stat
1,228.75,NA,152,218,0.04847222222232972,stat
1,228.791666666667,NA,105,166,0.0014467592592950496,stat
1,228.791666666667,NA,146,206,0.006215277777727124,stat
1,228.791666666667,NA,152,218,0.023425925925977253,stat
1,228.833333333333,NA,146,206,0.019016203703614565,stat
1,228.833333333333,NA,152,218,0.041851851851816946,stat
1,228.875,NA,146,206,0.002789351851902211,stat
1,228.875,NA,230,291,0.00232638888886072,stat
1,228.875,NA,289,355,4.050925925866977e-4,stat
1,229,NA,152,218,2.4305555555770297e-4,stat
1,229.041666666667,NA,152,218,2.4305555552928126e-4,stat
1,229.041666666667,NA,289,355,6.481481481444007e-4,stat
1,229.083333333333,NA,146,206,2.4305555555770297e-4,stat
1,229.083333333333,NA,152,218,2.4305555555770297e-4,stat
1,229.125,NA,152,218,2.4305555555770297e-4,stat
1,229.208333333333,NA,146,206,2.4305555552928126e-4,stat
1,229.36458333333337,308,288,329,NA,rov
1,229.458333333333,NA,152,218,2.430555556145464e-4,stat
1,229.458333333333,NA,289,355,0.01660879629625356,stat
1,229.458333333333,NA,304,368,0.00553240740745764,stat
1,229.5,NA,289,355,0.03883101851855031,stat
1,229.5,NA,304,368,2.4305555550085955e-4,stat
1,229.541666666667,NA,289,355,0.028391203703847623,stat
1,229.541666666667,NA,304,368,2.314814815349564e-4,stat
1,229.583333333333,NA,289,355,0.020972222222468417,stat
1,229.625,NA,289,355,0.024039351851854462,stat
1,229.666666666667,NA,289,355,0.015844907407483788,stat
1,229.708333333333,NA,289,355,0.017488425925620277,stat
1,229.75,NA,152,218,2.4305555552928126e-4,stat
1,229.75,NA,289,355,0.023356481481528135,stat
1,229.791666666667,NA,289,355,0.033622685185093815,stat
1,229.833333333333,NA,289,355,0.04407407407404662,stat
1,229.875,NA,289,355,0.04243055555559749,stat
1,229.916666666667,NA,289,355,0.05031250000004661,stat
1,229.958333333333,NA,289,355,0.036134259259057444,stat
1,230,NA,289,355,0.043460648148368364,stat
1,230.041666666667,NA,289,355,0.018553240740970978,stat
1,230.083333333333,NA,289,355,0.03245370370359524,stat
1,230.125,NA,289,355,0.0442129629630017,stat
1,230.166666666667,NA,289,355,0.02701388888866063,stat
1,230.208333333333,NA,289,355,0.007939814814761803,stat
1,230.25,NA,289,355,0.01787037037030359,stat
1,230.291666666667,NA,289,355,0.03391203703688461,stat
1,230.333333333333,NA,289,355,0.004803240740642423,stat
1,230.333333333333,NA,304,368,0.03312499999995566,stat
1,230.34375,313,287,347,NA,rov
1,230.375,NA,289,355,0.001331018518555993,stat
1,230.375,NA,304,368,0.025821759259514465,stat
1,230.416666666667,NA,289,355,0.011712962962945994,stat
1,230.416666666667,NA,304,368,0.03203703703687211,stat
1,230.458333333333,NA,289,355,0.030844907407470146,stat
1,230.458333333333,NA,304,368,0.0309375000000216,stat
1,230.5,NA,289,355,0.0036226851852063646,stat
1,230.5,NA,304,368,0.007291666666588981,stat
1,230.541666666667,NA,289,355,0.019791666666634455,stat
1,230.541666666667,NA,304,368,0.020636574073932934,stat
1,230.583333333333,NA,289,355,0.012754629629654346,stat
1,230.583333333333,NA,304,368,0.029108796296299033,stat
1,230.625,NA,289,355,0.003935185185156342,stat
1,230.625,NA,304,368,0.04243055555551223,stat
1,230.666666666667,NA,289,355,7.291666665878438e-4,stat
1,230.666666666667,NA,304,368,0.018125000000139835,stat
1,230.708333333333,NA,289,355,0.0032523148146879066,stat
1,230.708333333333,NA,304,368,0.026805555555625915,stat
1,230.75,NA,289,355,0.048275462962863,stat
1,230.75,NA,304,368,0.024155092592849314,stat
1,230.791666666667,NA,289,355,0.034351851851937454,stat
1,230.791666666667,NA,304,368,0.03106481481469814,stat
1,230.833333333333,NA,289,355,0.030914351851777155,stat
1,230.833333333333,NA,304,368,0.024768518518413885,stat
1,230.875,NA,289,355,0.03699074074077657,stat
1,230.875,NA,304,368,0.019884259259129067,stat
1,230.916666666667,NA,289,355,0.03276620370394312,stat
1,230.916666666667,NA,304,368,0.09817129629627175,stat
1,230.958333333333,NA,289,355,0.06545138888887436,stat
1,231,NA,289,355,0.010081018518576457,stat
1,231,NA,304,368,0.024421296296338824,stat
1,231.041666666667,NA,289,355,0.06858796296299374,stat
1,231.041666666667,NA,304,368,0.3148726851852075,stat
1,231.083333333333,NA,289,355,0.005069444444586679,stat
1,231.125,NA,289,355,0.017858796296337687,stat
1,231.166666666667,NA,289,355,0.030196759259183636,stat
1,231.208333333333,NA,289,355,0.03597222222225582,stat
1,231.25,NA,289,355,0.0290624999997533,stat
1,231.291666666667,NA,289,355,0.034155092592584424,stat
1,231.333333333333,NA,289,355,0.014444444444222881,stat
1,231.333333333333,NA,304,368,0.08185185185180899,stat
1,231.375,328,295,380,NA,rov
1,231.375,NA,289,355,0.025034722222130767,stat
1,231.416666666667,NA,289,355,0.00645833333334167,stat
1,231.416666666667,NA,304,368,0.005648148148168275,stat
1,231.458333333333,NA,304,368,0.0036111111111267746,stat
1,231.5,NA,304,368,2.314814815065347e-4,stat
1,232.208333333333,NA,495,560,0.0020833333333598603,stat
1,232.291666666667,NA,495,560,0.010092592592627625,stat
1,232.333333333333,NA,495,560,0.06850694444446503,stat
1,232.36458333333337,519,501,534,NA,rov
1,232.375,NA,495,560,0.0014351851851301944,stat
1,232.416666666667,NA,495,560,0.029872685185239334,stat
1,232.458333333333,NA,495,560,0.004166666666691299,stat
1,232.5,NA,495,560,0.018055555555548608,stat
2,227.36458333333337,0,NA,NA,NA,rov
2,227.416666666667,NA,0,42,0.018032407407304163,stat
2,227.416666666667,NA,9,74,0.0026620370370835644,stat
2,227.416666666667,NA,18,83,0.004421296296385435,stat
2,227.458333333333,NA,0,32,4.6296296295622597e-4,stat
2,227.458333333333,NA,0,42,0.002650462962861866,stat
2,227.458333333333,NA,9,74,2.4305555552928126e-4,stat
2,227.458333333333,NA,18,83,2.3148148147811298e-4,stat
2,227.5,NA,0,32,0.0036342592593143763,stat
2,227.5,NA,0,42,0.0047916666668754715,stat
2,227.5,NA,18,83,7.407407407242772e-4,stat
2,227.541666666667,NA,0,32,0.004652777777920392,stat
2,227.541666666667,NA,0,42,0.0015624999999772626,stat
2,227.583333333333,NA,0,32,6.944444444059172e-4,stat
2,227.583333333333,NA,0,42,2.4305555555770297e-4,stat
2,227.625,NA,0,42,2.4305555555770297e-4,stat
2,227.708333333333,NA,0,32,4.7453703703581596e-4,stat
2,227.708333333333,NA,0,42,4.7453703700739425e-4,stat
2,227.708333333333,NA,9,74,0.01745370370377941,stat
2,227.708333333333,NA,18,83,0.0337152777778158,stat
2,227.75,NA,9,74,0.0061226851851472475,stat
2,227.75,NA,18,83,0.03314814814820011,stat
2,227.791666666667,NA,9,74,0.001423611110993761,stat
2,227.791666666667,NA,18,83,0.028506944444302462,stat
2,227.833333333333,NA,0,32,2.4305555555770297e-4,stat
2,227.833333333333,NA,9,74,9.259259259124519e-4,stat
2,227.833333333333,NA,18,83,0.02031249999998863,stat
2,227.875,NA,0,42,2.430555556145464e-4,stat
2,227.875,NA,9,74,2.3148148147811298e-4,stat
2,227.875,NA,18,83,0.01894675925922229,stat
2,227.916666666667,NA,0,42,2.3148148147811298e-4,stat
2,227.916666666667,NA,9,74,4.8611111111540595e-4,stat
2,227.916666666667,NA,18,83,0.016412037037156324,stat
2,227.958333333333,NA,0,32,2.4305555550085955e-4,stat
2,227.958333333333,NA,9,74,0.00326388888882434,stat
2,227.958333333333,NA,18,83,0.03391203703714041,stat
2,228,NA,0,32,2.430555556145464e-4,stat
2,228,NA,9,74,0.0021180555554281,stat
2,228,NA,18,83,0.014328703703796464,stat
2,228.041666666667,NA,9,74,0.003148148148255814,stat
2,228.041666666667,NA,18,83,0.019467592592434357,stat
2,228.083333333333,NA,9,74,0.0015162037036873244,stat
2,228.083333333333,NA,18,83,0.008680555555514502,stat
2,228.125,NA,0,42,2.3148148147811298e-4,stat
2,228.125,NA,9,74,0.0011574074074474083,stat
2,228.125,NA,18,83,0.039560185185194996,stat
2,228.125,NA,51,111,2.4305555550085955e-4,stat
2,228.125,NA,60,119,0.004236111111140417,stat
2,228.166666666667,NA,0,42,2.4305555555770297e-4,stat
2,228.166666666667,NA,18,83,0.0026736111111347327,stat
2,228.166666666667,NA,51,111,0.0030092592592154688,stat
2,228.166666666667,NA,60,119,0.010497685185271166,stat
2,228.208333333333,NA,0,32,2.4305555555770297e-4,stat
2,228.208333333333,NA,51,111,0.003356481481546325,stat
2,228.208333333333,NA,60,119,0.029594907407528126,stat
2,228.25,NA,0,42,2.3148148147811298e-4,stat
2,228.25,NA,51,111,2.3148148147811298e-4,stat
2,228.25,NA,60,119,0.009930555555513365,stat
2,228.291666666667,NA,0,32,4.6296296295622597e-4,stat
2,228.291666666667,NA,0,42,2.4305555555770297e-4,stat
2,228.291666666667,NA,60,119,0.024803240741022137,stat
2,228.333333333333,NA,0,42,4.8611111111540595e-4,stat
2,228.333333333333,NA,60,119,0.005104166666654919,stat
2,228.375,NA,0,42,4.8611111111540595e-4,stat
2,228.375,NA,60,119,0.005011574074103464,stat
2,228.39583333333337,92,76,122,NA,rov
2,228.416666666667,NA,51,111,7.754629630198906e-4,stat
2,228.416666666667,NA,60,119,0.012222222222192158,stat
2,228.416666666667,NA,304,368,2.4305555555770297e-4,stat
2,228.458333333333,NA,51,111,0.008240740740717456,stat
2,228.458333333333,NA,60,119,9.490740740716319e-4,stat
2,228.5,NA,51,111,2.3148148147811298e-4,stat
2,228.5,NA,60,119,0.01140046296288233,stat
2,228.541666666667,NA,51,111,9.722222223444987e-4,stat
2,228.541666666667,NA,60,119,0.0035300925925128013,stat
2,228.583333333333,NA,51,111,4.39814814797046e-4,stat
2,228.583333333333,NA,60,119,0.001087962962913025,stat
2,228.583333333333,NA,105,166,4.6296296295622597e-4,stat
2,228.583333333333,NA,146,206,0.0012499999999988631,stat
2,228.583333333333,NA,152,218,0.01009259259254236,stat
2,228.625,NA,0,42,4.39814814797046e-4,stat
2,228.625,NA,152,218,0.027037037037018763,stat
2,228.666666666667,NA,152,218,0.07961805555564183,stat
2,228.666666666667,NA,224,285,4.6296296295622597e-4,stat
2,228.708333333333,NA,0,32,4.6296296289938255e-4,stat
2,228.708333333333,NA,224,285,2.4305555555770297e-4,stat
2,228.708333333333,NA,230,291,2.3148148147811298e-4,stat
2,228.75,NA,0,42,2.3148148147811298e-4,stat
2,228.75,NA,152,218,0.02468749999994202,stat
2,228.791666666667,NA,0,32,2.314814815065347e-4,stat
2,228.791666666667,NA,152,218,0.015173611111123364,stat
2,228.833333333333,NA,0,42,4.8611111117224937e-4,stat
2,228.833333333333,NA,152,218,0.03353009259271289,stat
2,228.875,NA,0,42,7.175925925366755e-4,stat
2,228.875,NA,152,218,0.07755787037041273,stat
2,228.916666666667,NA,0,32,2.4305555555770297e-4,stat
2,228.916666666667,NA,152,218,0.2855902777777999,stat
2,228.958333333333,NA,0,32,2.3148148147811298e-4,stat
2,229,NA,0,42,2.4305555550085955e-4,stat
2,229,NA,230,291,4.8611111111540595e-4,stat
2,229.041666666667,NA,230,291,0.0037615740740761794,stat
2,229.083333333333,NA,0,32,2.314814815065347e-4,stat
2,229.083333333333,NA,230,291,2.3148148147811298e-4,stat
2,229.125,NA,0,42,2.4305555552928126e-4,stat
2,229.125,NA,304,368,2.314814815065347e-4,stat
2,229.166666666667,NA,0,42,7.175925925366755e-4,stat
2,229.208333333333,NA,0,32,2.4305555555770297e-4,stat
2,229.208333333333,NA,152,218,0.0035648148147515712,stat
2,229.25,NA,0,42,2.314814815065347e-4,stat
2,229.25,NA,152,218,4.7453703703581596e-4,stat
2,229.25,NA,230,291,0.0011689814813848898,stat
2,229.291666666667,NA,0,32,2.3148148144969127e-4,stat
2,229.291666666667,NA,0,42,2.430555556145464e-4,stat
2,229.291666666667,NA,152,218,0.0892013888889096,stat
2,229.36458333333337,210,168,246,NA,rov
2,229.375,NA,152,218,0.004560185185141563,stat
2,229.416666666667,NA,152,218,0.09603009259262762,stat
2,229.5,NA,0,32,2.4305555558612468e-4,stat
2,229.5,NA,152,218,0.013564814814884585,stat
2,229.541666666667,NA,152,218,0.03826388888887777,stat
2,229.583333333333,NA,0,32,2.3148148142126956e-4,stat
2,229.583333333333,NA,152,218,0.018796296296386572,stat
2,229.625,NA,152,218,0.001388888888953943,stat
2,229.666666666667,NA,0,32,4.861111110301408e-4,stat
2,229.666666666667,NA,152,218,0.03439814814802844,stat
2,229.708333333333,NA,152,218,0.022407407407371238,stat
2,229.75,NA,0,32,2.3148148147811298e-4,stat
2,229.75,NA,152,218,0.009537037037148366,stat
2,229.791666666667,NA,0,32,2.3148148147811298e-4,stat
2,229.791666666667,NA,152,218,0.03519675925917909,stat
2,229.833333333333,NA,0,32,2.3148148147811298e-4,stat
2,229.833333333333,NA,0,42,2.430555556145464e-4,stat
2,229.833333333333,NA,152,218,0.0024074074073610063,stat
2,229.875,NA,0,32,7.060185185991941e-4,stat
2,229.875,NA,0,42,4.7453703700739425e-4,stat
2,229.916666666667,NA,0,32,7.175925925935189e-4,stat
2,229.916666666667,NA,0,42,2.4305555555770297e-4,stat
2,230,NA,0,32,2.3148148147811298e-4,stat
2,230.041666666667,NA,0,42,2.430555556145464e-4,stat
2,230.125,NA,0,32,2.4305555550085955e-4,stat
2,230.125,NA,0,42,4.7453703706423767e-4,stat
2,230.125,NA,152,218,7.291666666446872e-4,stat
2,230.166666666667,NA,152,218,0.03843750000007162,stat
2,230.208333333333,NA,0,32,2.430555556145464e-4,stat
2,230.208333333333,NA,9,74,2.4305555555770297e-4,stat
2,230.208333333333,NA,152,218,0.026122685185242744,stat
2,230.25,NA,0,32,2.4305555555770297e-4,stat
2,230.25,NA,9,74,2.314814815349564e-4,stat
2,230.25,NA,152,218,2.3148148147811298e-4,stat
2,230.333333333333,NA,224,285,2.3148148147811298e-4,stat
2,230.34375,214,178,257,NA,rov
2,230.375,NA,0,42,2.3148148147811298e-4,stat
2,230.416666666667,NA,0,32,2.3148148147811298e-4,stat
2,230.416666666667,NA,152,218,0.06546296296295395,stat
2,230.458333333333,NA,152,218,2.314814815065347e-4,stat
2,230.5,NA,0,32,7.060185185423506e-4,stat
2,230.5,NA,152,218,0.015127314814776582,stat
2,230.541666666667,NA,152,218,0.022916666666873198,stat
2,230.583333333333,NA,152,218,0.007673611111243872,stat
2,230.625,NA,9,74,2.4305555555770297e-4,stat
2,230.625,NA,152,218,0.0017245370369778357,stat
2,230.666666666667,NA,9,74,4.7453703703581596e-4,stat
2,230.666666666667,NA,152,218,2.3148148147811298e-4,stat
2,230.708333333333,NA,0,32,2.4305555555770297e-4,stat
2,230.708333333333,NA,9,74,4.745370370926594e-4,stat
2,230.75,NA,9,74,6.944444444627607e-4,stat
2,230.75,NA,152,218,2.4305555555770297e-4,stat
2,230.791666666667,NA,0,32,2.3148148147811298e-4,stat
2,230.791666666667,NA,152,218,0.016643518518606015,stat
2,230.833333333333,NA,152,218,0.01055555555572596,stat
2,230.875,NA,0,32,2.3148148147811298e-4,stat
2,230.875,NA,9,74,2.4305555555770297e-4,stat
2,230.875,NA,152,218,0.003912037037025584,stat
2,230.916666666667,NA,152,218,2.3148148147811298e-4,stat
2,230.958333333333,NA,0,32,2.4305555555770297e-4,stat
2,230.958333333333,NA,152,218,0.0030787037036361653,stat
2,231,NA,0,32,4.7453703703581596e-4,stat
2,231,NA,152,218,0.025995370370196724,stat
2,231.041666666667,NA,152,218,0.03273148148181804,stat
2,231.083333333333,NA,152,218,0.024305555555201863,stat
2,231.125,NA,152,218,0.029710648147840857,stat
2,231.166666666667,NA,0,32,2.3148148142126956e-4,stat
2,231.166666666667,NA,152,218,0.03215277777789538,stat
2,231.208333333333,NA,152,218,0.02306712962959523,stat
2,231.25,NA,0,42,2.4305555555770297e-4,stat
2,231.25,NA,152,218,0.020879629629774854,stat
2,231.291666666667,NA,0,42,2.4305555558612468e-4,stat
2,231.291666666667,NA,152,218,0.020486111110869842,stat
2,231.333333333333,NA,0,42,2.3148148147811298e-4,stat
2,231.333333333333,NA,152,218,0.028657407407592927,stat
2,231.375,212,176,258,NA,rov
2,231.375,NA,152,218,0.016574074073929523,stat
2,231.416666666667,NA,0,32,2.4305555555770297e-4,stat
2,231.416666666667,NA,152,218,0.003692129629627061,stat
2,231.458333333333,NA,152,218,0.005543981481423543,stat
2,231.5,NA,0,42,2.3148148147811298e-4,stat
2,231.5,NA,152,218,0.009074074073879501,stat
2,231.541666666667,NA,152,218,0.018379629629578176,stat
2,231.583333333333,NA,152,218,0.03459490740721094,stat
2,231.625,NA,152,218,0.016354166666616266,stat
2,231.666666666667,NA,152,218,5.902777777748724e-4,stat
2,231.833333333333,NA,152,218,3.7037037034792775e-4,stat
2,232,NA,0,32,4.7453703700739425e-4,stat
2,232.041666666667,NA,0,32,2.3148148147811298e-4,stat
2,232.083333333333,NA,0,32,7.175925926219406e-4,stat
2,232.125,NA,0,32,2.3148148147811298e-4,stat
2,232.125,NA,152,218,2.4305555555770297e-4,stat
2,232.166666666667,NA,0,32,2.3148148147811298e-4,stat
2,232.166666666667,NA,152,218,4.8611111105856253e-4,stat
2,232.208333333333,NA,152,218,0.004490740740664023,stat
2,232.25,NA,152,218,0.02530092592584765,stat
2,232.291666666667,NA,152,218,0.05347222222232517,stat
2,232.333333333333,NA,146,206,0.005243055555382625,stat
2,232.333333333333,NA,152,218,0.026296296296266064,stat
2,232.36458333333337,212,174,261,NA,rov
2,232.375,NA,146,206,0.006620370370342243,stat
2,232.375,NA,152,218,0.040335648148015935,stat
2,232.416666666667,NA,146,206,5.324074074053442e-4,stat
2,232.416666666667,NA,152,218,0.007118055555594083,stat
2,232.458333333333,NA,152,218,2.4305555555770297e-4,stat
2,232.5,NA,0,42,2.314814815349564e-4,stat
2,232.5,NA,152,218,4.8611111111540595e-4,stat
2,232.541666666667,NA,152,218,7.175925926219406e-4,stat
2,232.583333333333,NA,152,218,0.005081018518495739,stat
2,232.625,NA,0,42,2.3148148147811298e-4,stat
2,232.625,NA,230,291,0.03649305555549631,stat
2,232.666666666667,NA,230,291,0.01119212962962024,stat
2,232.75,NA,0,42,2.3148148147811298e-4,stat
2,232.791666666667,NA,0,42,4.7453703706423767e-4,stat
2,232.833333333333,NA,0,42,2.4305555555770297e-4,stat
2,232.958333333333,NA,230,291,0.22596064814803185,stat
2,233,NA,0,42,2.4305555555770297e-4,stat
2,233.083333333333,NA,0,32,2.3148148147811298e-4,stat
2,233.208333333333,NA,0,32,2.3148148147811298e-4,stat
2,233.208333333333,NA,230,291,0.011932870370458204,stat
2,233.25,NA,230,291,0.0073495370371006175,stat
2,233.291666666667,NA,230,291,0.027037037037246137,stat
2,233.333333333333,NA,230,291,0.03467592592610913,stat
2,233.35416666666669,285,240,323,NA,rov
2,233.375,NA,230,291,0.027037037037018763,stat
2,233.458333333333,NA,230,291,0.0025694444445321096,stat
2,233.5,NA,230,291,2.3148148144969127e-4,stat
2,233.708333333333,NA,0,42,2.4305555558612468e-4,stat
2,233.708333333333,NA,289,355,0.019861111111111995,stat
2,233.708333333333,NA,304,368,0.022615740740747015,stat
2,233.75,NA,289,355,0.047280092592728806,stat
2,233.75,NA,304,368,0.09474537037047526,stat
2,233.791666666667,NA,289,355,0.04168981481481637,stat
2,233.833333333333,NA,289,355,0.03237268518518022,stat
2,233.833333333333,NA,304,368,0.6045138888889028,stat
2,233.875,NA,289,355,0.04932870370370779,stat
2,233.916666666667,NA,289,355,0.09853009259262535,stat
2,233.958333333333,NA,0,32,2.3148148147811298e-4,stat
2,234,NA,0,42,2.3148148142126956e-4,stat
2,234,NA,289,355,0.011354166666706078,stat
2,234.041666666667,NA,18,83,7.175925925935189e-4,stat
2,234.083333333333,NA,289,355,0.009652777777802157,stat
2,234.125,NA,289,355,0.04379629629630699,stat
2,234.166666666667,NA,289,355,0.027812500000237605,stat
2,234.208333333333,NA,0,32,2.4305555552928126e-4,stat
2,234.208333333333,NA,0,42,4.7453703700739425e-4,stat
2,234.208333333333,NA,289,355,0.01855324074082887,stat
2,234.25,NA,0,42,7.060185185139289e-4,stat
2,234.25,NA,289,355,0.03949074074083114,stat
2,234.291666666667,NA,289,355,0.020891203703541805,stat
2,234.333333333333,NA,0,42,2.4305555555770297e-4,stat
2,234.333333333333,NA,289,355,0.02702546296288233,stat
2,234.34375,315,271,343,NA,rov
2,234.375,NA,289,355,0.01730324074071632,stat
2,234.416666666667,NA,289,355,0.006261574074159171,stat
2,234.458333333333,NA,304,368,7.175925926503623e-4,stat
2,234.625,NA,304,368,0.00118055555563501,stat
2,234.75,NA,9,74,2.430555556145464e-4,stat
2,234.791666666667,NA,9,74,7.060185184855072e-4,stat
2,234.833333333333,NA,0,42,2.4305555555770297e-4,stat
2,234.916666666667,NA,9,74,2.4305555552928126e-4,stat
2,235.041666666667,NA,9,74,2.4305555552928126e-4,stat
2,235.083333333333,NA,9,74,2.3148148147811298e-4,stat
2,235.125,NA,18,83,4.745370369221291e-4,stat
2,235.166666666667,NA,0,42,4.6296296295622597e-4,stat
2,235.166666666667,NA,9,74,2.3148148147811298e-4,stat
2,235.208333333333,NA,0,42,2.3148148144969127e-4,stat
2,235.291666666667,NA,0,42,4.7453703703581596e-4,stat
2,235.291666666667,NA,18,83,2.4305555555770297e-4,stat
2,235.333333333333,NA,0,42,2.4305555552928126e-4,stat
2,235.333333333333,NA,9,74,2.4305555555770297e-4,stat
2,235.375,NA,0,42,2.4305555558612468e-4,stat
2,235.458333333333,NA,0,42,2.3148148147811298e-4,stat
2,235.916666666667,NA,0,42,4.7453703700739425e-4,stat
2,235.958333333333,NA,0,42,4.629629629846477e-4,stat
2,236.083333333333,NA,9,74,2.4305555555770297e-4,stat
2,236.083333333333,NA,18,83,2.3148148147811298e-4,stat
2,236.125,NA,0,42,2.4305555555770297e-4,stat
2,236.208333333333,NA,0,42,4.6296296292780426e-4,stat
2,236.208333333333,NA,9,74,2.3148148147811298e-4,stat
2,236.25,NA,0,42,2.3148148147811298e-4,stat
2,236.36458333333337,488,454,503,NA,rov
2,236.583333333333,NA,9,74,2.4305555555770297e-4,stat
2,236.791666666667,NA,9,74,2.3148148147811298e-4,stat
2,236.916666666667,NA,18,83,4.7453703703581596e-4,stat
2,236.958333333333,NA,0,42,2.3148148144969127e-4,stat
2,236.958333333333,NA,18,83,2.4305555555770297e-4,stat
2,237,NA,9,74,2.4305555555770297e-4,stat
2,237,NA,18,83,2.3148148147811298e-4,stat
2,237.041666666667,NA,18,83,2.314814815065347e-4,stat
2,237.166666666667,NA,0,32,2.4305555550085955e-4,stat
2,237.33333333333337,494,457,517,NA,rov
2,237.458333333333,NA,0,42,4.629629630414911e-4,stat
2,237.5,NA,9,74,2.3148148147811298e-4,stat
2,237.625,NA,0,42,2.4305555555770297e-4,stat
2,237.833333333333,NA,9,74,2.4305555558612468e-4,stat
2,237.916666666667,NA,9,74,2.430555556145464e-4,stat
2,237.916666666667,NA,18,83,2.3148148147811298e-4,stat
2,237.958333333333,NA,9,74,9.606481481796436e-4,stat
2,237.958333333333,NA,18,83,2.314814815349564e-4,stat
2,238.125,NA,9,74,2.4305555550085955e-4,stat
2,238.166666666667,NA,9,74,2.4305555558612468e-4,stat
2,238.291666666667,NA,0,42,2.3148148144969127e-4,stat
2,238.416666666667,NA,9,74,2.4305555555770297e-4,stat
2,238.42708333333331,495,458,513,NA,rov
2,238.916666666667,NA,0,42,2.314814815065347e-4,stat
2,238.958333333333,NA,9,74,4.8611111108698424e-4,stat
3,227.36458333333337,0,NA,NA,NA,rov
3,227.5,NA,0,32,0.004965277777785104,stat
3,227.541666666667,NA,0,32,0.014386574074080727,stat
3,227.583333333333,NA,0,32,0.005057870370279716,stat
3,227.625,NA,0,32,0.00475694444460828,stat
3,227.666666666667,NA,0,32,0.0033796296295918182,stat
3,227.666666666667,NA,0,42,3.5879629629675946e-4,stat
3,227.708333333333,NA,0,32,2.4305555555770297e-4,stat
3,227.708333333333,NA,0,42,2.4305555555770297e-4,stat
3,227.708333333333,NA,9,74,0.012372685185198407,stat
3,227.708333333333,NA,18,83,0.010578703703771453,stat
3,227.708333333333,NA,51,111,4.8611111108698424e-4,stat
3,227.708333333333,NA,60,119,9.953703703899919e-4,stat
3,227.75,NA,60,119,2.3148148144969127e-4,stat
3,227.833333333333,NA,18,83,2.4305555555770297e-4,stat
3,227.875,NA,18,83,2.3148148147811298e-4,stat
3,227.916666666667,NA,18,83,2.4305555555770297e-4,stat
3,227.958333333333,NA,18,83,4.629629630130694e-4,stat
3,228.041666666667,NA,18,83,2.314814815065347e-4,stat
3,228.125,NA,18,83,2.3148148147811298e-4,stat
3,228.208333333333,NA,18,83,4.745370370926594e-4,stat
3,228.25,NA,9,74,2.4305555555770297e-4,stat
3,228.291666666667,NA,9,74,2.4305555555770297e-4,stat
3,228.375,NA,18,83,2.4305555555770297e-4,stat
3,228.39583333333337,112,93,136,NA,rov
3,228.416666666667,NA,18,83,2.4305555552928126e-4,stat
3,228.416666666667,NA,105,166,0.0018287037036373022,stat
3,228.708333333333,NA,18,83,2.4305555555770297e-4,stat
3,229.25,NA,97,157,0.002280092592513938,stat
3,229.291666666667,NA,97,157,0.003761574074104601,stat
3,229.291666666667,NA,105,166,0.026111111111049468,stat
3,229.333333333333,NA,97,157,4.8611111105856253e-4,stat
3,229.333333333333,NA,105,166,0.01355324074071973,stat
3,229.36458333333337,116,78,140,NA,rov
3,229.833333333333,NA,18,83,4.8611111117224937e-4,stat
3,229.958333333333,NA,97,157,2.430555556145464e-4,stat
3,230.208333333333,NA,60,119,7.060185184570855e-4,stat
3,230.25,NA,60,119,8.912037037021037e-4,stat
3,230.34375,118,83,147,NA,rov
3,230.625,NA,105,166,4.976851851949959e-4,stat
3,230.625,NA,152,218,0.0031018518518806104,stat
3,230.666666666667,NA,152,218,0.018333333333117707,stat
3,230.708333333333,NA,152,218,0.0296759259261421,stat
3,230.75,NA,146,206,5.787037037237042e-4,stat
3,230.75,NA,152,218,0.020625000000052296,stat
3,230.791666666667,NA,152,218,0.0022106481482069285,stat
3,230.791666666667,NA,224,285,0.004004629629662304,stat
3,230.791666666667,NA,230,291,0.0047453703703581596,stat
3,230.833333333333,NA,304,368,0.0014120370369710145,stat
3,230.875,NA,289,355,0.004108796296293349,stat
3,230.875,NA,304,368,0.012557870370386581,stat
3,231.375,412,375,443,NA,rov
3,231.541666666667,NA,495,560,0.0028356481481353057,stat
3,232.083333333333,NA,60,119,2.4305555555770297e-4,stat
3,232.125,NA,60,119,4.7453703703581596e-4,stat
3,232.166666666667,NA,60,119,2.4305555555770297e-4,stat
3,232.208333333333,NA,60,119,2.3148148147811298e-4,stat
3,232.25,NA,304,368,2.3148148147811298e-4,stat
3,232.333333333333,NA,60,119,2.4305555550085955e-4,stat
3,232.416666666667,NA,60,119,2.314814815349564e-4,stat
3,235.083333333333,NA,60,119,2.4305555555770297e-4,stat
3,235.125,NA,60,119,4.7453703703581596e-4,stat
3,235.208333333333,NA,60,119,2.3148148144969127e-4,stat
3,235.25,NA,60,119,2.3148148147811298e-4,stat
3,235.416666666667,NA,60,119,2.4305555555770297e-4,stat
3,235.875,NA,304,368,2.4305555550085955e-4,stat
3,235.916666666667,NA,18,83,2.3148148144969127e-4,stat
4,227.36458333333337,0,NA,NA,NA,rov
4,227.458333333333,NA,0,42,8.796296296225137e-4,stat
4,227.5,NA,0,32,7.060185184286638e-4,stat
4,227.5,NA,0,42,0.005462962963008522,stat
4,227.541666666667,NA,0,42,0.0031828703703524752,stat
4,227.583333333333,NA,0,32,0.004201388888901647,stat
4,227.583333333333,NA,0,42,9.374999999351985e-4,stat
4,227.625,NA,0,32,0.0018865740739784087,stat
4,227.625,NA,0,42,4.7453703703581596e-4,stat
4,227.666666666667,NA,0,32,7.175925926219406e-4,stat
4,227.666666666667,NA,0,42,2.3148148147811298e-4,stat
4,227.708333333333,NA,0,32,7.060185184570855e-4,stat
4,227.708333333333,NA,0,42,0.002569444444503688,stat
4,227.708333333333,NA,18,83,0.02155092592585106,stat
4,227.75,NA,0,32,2.3148148147811298e-4,stat
4,227.75,NA,0,42,0.0028819444442547137,stat
4,227.75,NA,18,83,0.05089120370371347,stat
4,227.791666666667,NA,0,42,4.6296296295622597e-4,stat
4,227.791666666667,NA,9,74,2.3148148147811298e-4,stat
4,227.791666666667,NA,18,83,0.01907407407409778,stat
4,227.833333333333,NA,0,42,0.010821759259044939,stat
4,227.833333333333,NA,18,83,0.008171296296382025,stat
4,227.875,NA,0,32,7.291666666162655e-4,stat
4,227.875,NA,0,42,0.012685185185461023,stat
4,227.875,NA,18,83,0.010983796296386572,stat
4,227.916666666667,NA,0,32,2.430555556145464e-4,stat
4,227.916666666667,NA,0,42,0.00849537037069581,stat
4,227.916666666667,NA,18,83,0.010486111111219998,stat
4,227.958333333333,NA,0,42,0.012094907407544042,stat
4,227.958333333333,NA,9,74,0.0028356481481353057,stat
4,227.958333333333,NA,18,83,0.012916666666711762,stat
4,228,NA,0,32,2.4305555555770297e-4,stat
4,228,NA,0,42,0.006342592592602614,stat
4,228,NA,9,74,7.060185185139289e-4,stat
4,228,NA,18,83,0.027037037036933498,stat
4,228.041666666667,NA,0,42,0.008831018518407063,stat
4,228.041666666667,NA,9,74,0.0016435185184775492,stat
4,228.041666666667,NA,18,83,0.025636574073786278,stat
4,228.083333333333,NA,0,42,0.011620370370337696,stat
4,228.083333333333,NA,9,74,0.0047222222221137145,stat
4,228.083333333333,NA,18,83,0.023078703703617975,stat
4,228.125,NA,0,42,0.008240740740575347,stat
4,228.125,NA,9,74,9.259259259692953e-4,stat
4,228.125,NA,18,83,0.02138888888904944,stat
4,228.166666666667,NA,0,42,0.008090277777597521,stat
4,228.166666666667,NA,9,74,0.0016782407408584277,stat
4,228.166666666667,NA,18,83,0.020034722221822676,stat
4,228.208333333333,NA,0,42,0.0018749999999556621,stat
4,228.208333333333,NA,9,74,0.003182870370380897,stat
4,228.208333333333,NA,18,83,0.028333333333137034,stat
4,228.25,NA,0,42,0.0031828703702387884,stat
4,228.25,NA,9,74,0.0021527777777237134,stat
4,228.25,NA,18,83,0.010081018518519613,stat
4,228.25,NA,152,218,2.3148148147811298e-4,stat
4,228.291666666667,NA,0,42,0.0019560185184843704,stat
4,228.291666666667,NA,9,74,0.00785879629631836,stat
4,228.291666666667,NA,18,83,0.0055787037035486264,stat
4,228.333333333333,NA,0,42,0.0028935185184479906,stat
4,228.333333333333,NA,9,74,0.003622685185177943,stat
4,228.333333333333,NA,18,83,0.010775462962897109,stat
4,228.375,NA,0,42,0.002604166666628771,stat
4,228.375,NA,9,74,0.0025925925925207594,stat
4,228.375,NA,18,83,0.02947916666681749,stat
4,228.39583333333337,31,13,58,NA,rov
4,228.416666666667,NA,0,32,2.4305555555770297e-4,stat
4,228.416666666667,NA,0,42,0.001527777777795336,stat
4,228.416666666667,NA,9,74,2.3148148147811298e-4,stat
4,228.416666666667,NA,18,83,0.024571759258947168,stat
4,228.416666666667,NA,105,166,2.4305555555770297e-4,stat
4,228.458333333333,NA,0,42,2.4305555555770297e-4,stat
4,228.458333333333,NA,9,74,2.4305555550085955e-4,stat
4,228.458333333333,NA,18,83,0.032210648148691234,stat
4,228.5,NA,0,42,0.0028009259260102226,stat
4,228.5,NA,9,74,7.291666666731089e-4,stat
4,228.5,NA,18,83,0.1509259259258613,stat
4,228.541666666667,NA,0,32,6.94444444434339e-4,stat
4,228.541666666667,NA,0,42,0.0028819444444820874,stat
4,228.541666666667,NA,9,74,0.0024884259258897146,stat
4,228.583333333333,NA,0,32,8.449074074121654e-4,stat
4,228.583333333333,NA,0,42,0.004050925925952242,stat
4,228.583333333333,NA,9,74,0.026493055555619094,stat
4,228.625,NA,0,32,0.0014467592592097844,stat
4,228.625,NA,0,42,0.0012152777777600932,stat
4,228.625,NA,9,74,0.01096064814802844,stat
4,228.625,NA,18,83,0.0050347222222342225,stat
4,228.666666666667,NA,9,74,0.013171296296235369,stat
4,228.666666666667,NA,18,83,0.025625000000161435,stat
4,228.708333333333,NA,0,32,7.291666666162655e-4,stat
4,228.708333333333,NA,0,42,0.0024537037036793663,stat
4,228.708333333333,NA,9,74,0.03353009259234341,stat
4,228.708333333333,NA,18,83,0.05219907407413871,stat
4,228.75,NA,0,32,0.0021296296295361117,stat
4,228.75,NA,0,42,6.944444443774955e-4,stat
4,228.75,NA,9,74,0.018993055555512228,stat
4,228.75,NA,18,83,0.021307870370520732,stat
4,228.791666666667,NA,0,32,9.259259258840302e-4,stat
4,228.791666666667,NA,18,83,0.01653935185197497,stat
4,228.833333333333,NA,9,74,9.375000000488853e-4,stat
4,228.833333333333,NA,18,83,0.023784722222330856,stat
4,228.875,NA,9,74,9.953703703047267e-4,stat
4,228.875,NA,18,83,0.029606481481550873,stat
4,228.916666666667,NA,9,74,2.3148148147811298e-4,stat
4,228.916666666667,NA,18,83,0.0018402777778021573,stat
4,228.958333333333,NA,9,74,0.0017013888889039208,stat
4,228.958333333333,NA,18,83,0.004479166666612855,stat
4,229,NA,0,32,4.7453703706423767e-4,stat
4,229,NA,18,83,7.060185185423506e-4,stat
4,229.041666666667,NA,18,83,7.175925925935189e-4,stat
4,229.083333333333,NA,18,83,2.4305555550085955e-4,stat
4,229.125,NA,9,74,0.002141203703786232,stat
4,229.125,NA,18,83,0.0016550925925571391,stat
4,229.166666666667,NA,9,74,2.3148148144969127e-4,stat
4,229.208333333333,NA,9,74,6.944444444627607e-4,stat
4,229.208333333333,NA,18,83,0.0017708333332109305,stat
4,229.25,NA,18,83,6.944444444911824e-4,stat
4,229.291666666667,NA,0,32,2.314814815065347e-4,stat
4,229.291666666667,NA,18,83,4.629629630130694e-4,stat
4,229.36458333333337,40,20,60,NA,rov
4,229.666666666667,NA,0,32,2.3148148147811298e-4,stat
4,229.708333333333,NA,9,74,0.0049537037036770926,stat
4,229.708333333333,NA,18,83,0.016990740740538968,stat
4,229.708333333333,NA,51,111,8.796296296225137e-4,stat
4,229.708333333333,NA,60,119,7.175925925650972e-4,stat
4,229.75,NA,18,83,0.0012615740741068748,stat
4,229.75,NA,51,111,0.0031481481481705487,stat
4,229.75,NA,60,119,0.001238425925834008,stat
4,229.833333333333,NA,0,42,2.4305555555770297e-4,stat
4,230.166666666667,NA,0,32,4.8611111111540595e-4,stat
4,230.291666666667,NA,105,166,2.3148148147811298e-4,stat
4,230.333333333333,NA,105,166,7.870370370710589e-4,stat
4,230.34375,135,86,159,NA,rov
4,230.625,NA,0,32,2.3148148142126956e-4,stat
4,230.791666666667,NA,18,83,2.3148148147811298e-4,stat
4,230.916666666667,NA,0,32,2.4305555555770297e-4,stat
4,231.041666666667,NA,0,32,2.4305555555770297e-4,stat
4,231.083333333333,NA,0,32,2.3148148147811298e-4,stat
4,231.125,NA,0,32,2.314814815065347e-4,stat
4,231.208333333333,NA,18,83,2.4305555555770297e-4,stat
4,231.291666666667,NA,18,83,2.3148148147811298e-4,stat
4,231.375,133,90,158,NA,rov
4,231.375,NA,9,74,2.4305555555770297e-4,stat
4,231.375,NA,18,83,4.7453703706423767e-4,stat
4,231.416666666667,NA,9,74,2.4305555555770297e-4,stat
4,231.458333333333,NA,18,83,2.4305555558612468e-4,stat
4,231.583333333333,NA,18,83,2.3148148147811298e-4,stat
4,231.625,NA,105,166,0.01321759259241162,stat
4,231.625,NA,152,218,0.008703703703730525,stat
4,231.666666666667,NA,146,206,2.4305555552928126e-4,stat
4,231.666666666667,NA,152,218,0.012268518518595783,stat
4,231.708333333333,NA,152,218,0.016168981481683886,stat
4,231.75,NA,152,218,0.011435185185035834,stat
4,231.791666666667,NA,152,218,0.028483796295972752,stat
4,231.833333333333,NA,152,218,0.039016203703738483,stat
4,231.875,NA,152,218,0.03879629629628312,stat
4,231.916666666667,NA,152,218,0.03927083333331893,stat
4,231.958333333333,NA,9,74,2.4305555555770297e-4,stat
4,231.958333333333,NA,152,218,0.03454861111111995,stat
4,232,NA,152,218,0.045833333333234805,stat
4,232.041666666667,NA,152,218,0.028136574073784004,stat
4,232.083333333333,NA,152,218,0.036562499999860165,stat
4,232.125,NA,152,218,0.051180555555561114,stat
4,232.166666666667,NA,152,218,0.03137731481470496,stat
4,232.208333333333,NA,152,218,0.0412847222222581,stat
4,232.25,NA,152,218,0.034340277777857864,stat
4,232.291666666667,NA,152,218,0.11087962962974984,stat
4,232.333333333333,NA,146,206,9.374999999920419e-4,stat
4,232.36458333333337,199,171,227,NA,rov
4,232.375,NA,0,32,2.314814815349564e-4,stat
4,232.375,NA,152,218,0.014733796296241053,stat
4,232.416666666667,NA,146,206,4.8611111111540595e-4,stat
4,232.416666666667,NA,152,218,0.03545138888898691,stat
4,232.458333333333,NA,146,206,4.7453703703581596e-4,stat
4,232.458333333333,NA,152,218,0.04244212962964866,stat
4,232.5,NA,146,206,4.7453703703581596e-4,stat
4,232.5,NA,152,218,0.035162037037054006,stat
4,232.541666666667,NA,152,218,0.029039351851821493,stat
4,232.583333333333,NA,152,218,0.0077083333333405335,stat
4,232.583333333333,NA,230,291,0.0039120370370824276,stat
4,232.625,NA,230,291,0.007106481481372384,stat
4,232.666666666667,NA,230,291,0.009583333333324617,stat
4,232.708333333333,NA,230,291,0.013460648148225118,stat
4,232.75,NA,230,291,0.5404976851852439,stat
4,232.916666666667,NA,9,74,2.3148148147811298e-4,stat
4,232.958333333333,NA,0,32,2.4305555550085955e-4,stat
4,233.041666666667,NA,224,285,4.629629629846477e-4,stat
4,233.083333333333,NA,224,285,2.4305555555770297e-4,stat
4,233.208333333333,NA,0,32,2.4305555552928126e-4,stat
4,233.25,NA,0,32,2.430555556145464e-4,stat
4,233.291666666667,NA,0,32,2.4305555555770297e-4,stat
4,233.291666666667,NA,230,291,0.03302083333338146,stat
4,233.333333333333,NA,230,291,0.04797453703704946,stat
4,233.35416666666669,246,219,277,NA,rov
4,233.375,NA,0,32,4.629629630699128e-4,stat
4,233.375,NA,230,291,0.020717592592632172,stat
4,233.416666666667,NA,230,291,0.0030902777777157553,stat
4,233.458333333333,NA,224,285,0.0012037037036236597,stat
4,233.458333333333,NA,230,291,0.01277777777769984,stat
4,233.5,NA,224,285,0.001157407407390565,stat
4,233.5,NA,230,291,0.028379629629512237,stat
4,233.541666666667,NA,230,291,0.015775462962835718,stat
4,233.583333333333,NA,224,285,2.314814815065347e-4,stat
4,233.583333333333,NA,230,291,0.02175925925928368,stat
4,233.625,NA,224,285,9.490740740432102e-4,stat
4,233.625,NA,230,291,0.02903935185227624,stat
4,233.666666666667,NA,224,285,4.629629629846477e-4,stat
4,233.666666666667,NA,230,291,0.025381944444347937,stat
4,233.708333333333,NA,224,285,3.356481481660012e-4,stat
4,233.708333333333,NA,230,291,0.010613425925896536,stat
4,233.708333333333,NA,289,355,0.007037037037036953,stat
4,233.708333333333,NA,304,368,0.014872685185167711,stat
4,233.75,NA,304,368,0.024814814814959618,stat
4,233.791666666667,NA,304,368,0.028726851851729407,stat
4,233.833333333333,NA,304,368,0.04052083333326095,stat
4,233.875,NA,304,368,0.035601851851879474,stat
4,233.916666666667,NA,304,368,0.03025462962966685,stat
4,233.958333333333,NA,304,368,0.030949074073987504,stat
4,234,NA,304,368,0.052928240740783394,stat
4,234.041666666667,NA,9,74,2.3148148147811298e-4,stat
4,234.041666666667,NA,304,368,0.08620370370368846,stat
4,234.125,NA,304,368,0.028576388888836846,stat
4,234.166666666667,NA,304,368,0.03261574074056739,stat
4,234.208333333333,NA,18,83,2.4305555555770297e-4,stat
4,234.208333333333,NA,304,368,0.0361921296295975,stat
4,234.25,NA,304,368,0.08967592592608753,stat
4,234.333333333333,NA,0,32,2.4305555555770297e-4,stat
4,234.333333333333,NA,304,368,0.03280092592586925,stat
4,234.34375,315,291,336,NA,rov
4,234.375,NA,304,368,0.09179398148151563,stat
4,234.458333333333,NA,304,368,0.033865740740765204,stat
4,234.5,NA,304,368,0.035625000000067075,stat
4,234.541666666667,NA,304,368,0.04199074074068676,stat
4,234.583333333333,NA,304,368,0.02250000000003638,stat
4,234.625,NA,304,368,0.03252314814798751,stat
4,234.666666666667,NA,304,368,0.027951388888737938,stat
4,234.708333333333,NA,304,368,0.03370370370376463,stat
4,234.75,NA,304,368,0.04365740740738033,stat
4,234.791666666667,NA,304,368,0.08535879629624787,stat
4,234.875,NA,304,368,0.06814814814811143,stat
4,234.916666666667,NA,304,368,0.43980324074072996,stat
4,234.958333333333,NA,0,42,2.4305555552928126e-4,stat
4,235.166666666667,NA,60,119,4.6296296292780426e-4,stat
4,235.36458333333337,368,342,395,NA,rov
4,235.375,NA,304,368,0.053379629629574765,stat
4,235.416666666667,NA,304,368,0.008935185185180217,stat
4,235.458333333333,NA,304,368,0.0516898148148357,stat
4,235.5,NA,304,368,0.044317129629604324,stat
4,235.541666666667,NA,304,368,0.018576388888959627,stat
4,235.583333333333,NA,304,368,0.06925925925918364,stat
4,235.625,NA,304,368,0.0068171296296668515,stat
4,235.666666666667,NA,304,368,0.013784722222226264,stat
4,235.75,NA,495,560,0.0023958333333382598,stat
4,236.791666666667,NA,9,74,2.4305555555770297e-4,stat
