ID,antenna,bin,duration,min_dist,max_dist
1,1,227.458333333333,0.002847222222271739,0,32
1,1,227.5,0.008738425925997717,0,32
1,1,227.541666666667,0.0011805555556065883,0,32
1,1,227.583333333333,7.175925926787841e-4,0,32
1,1,227.625,0.0019328703703820338,0,32
1,1,227.666666666667,0.00896990740747583,0,32
1,1,227.708333333333,0.0011111111111006267,0,32
1,1,228.666666666667,2.4305555558612468e-4,0,32
1,2,227.416666666667,0.011377314814581041,0,42
1,2,227.458333333333,0.010995370370494584,0,42
1,2,227.5,0.01696759259274927,0,42
1,2,227.541666666667,0.011296296296421815,0,42
1,2,227.583333333333,0.0035532407408709332,0,42
1,2,227.625,0.007349537037129039,0,42
1,2,227.666666666667,0.012731481481438323,0,42
1,3,227.708333333333,0.003344907407466735,9,74
1,4,227.708333333333,0.005532407407542905,18,83
1,5,227.708333333333,0.0022337962963661084,51,111
1,6,227.708333333333,0.0037384259259169994,60,119
1,7,228.75,2.3148148147811298e-4,97,157
1,8,228.416666666667,0.010347222222179653,105,166
1,8,228.458333333333,0.0010648148148391101,105,166
1,8,228.541666666667,8.564814815201771e-4,105,166
1,8,228.625,2.8935185184764123e-4,105,166
1,8,228.666666666667,0.04777777777772485,105,166
1,8,228.708333333333,0.04670138888877773,105,166
1,8,228.75,0.012453703703869223,105,166
1,8,228.791666666667,0.0014467592592950496,105,166
1,9,228.458333333333,2.3148148147811298e-4,146,206
1,9,228.791666666667,0.006215277777727124,146,206
1,9,228.833333333333,0.019016203703614565,146,206
1,9,228.875,0.002789351851902211,146,206
1,9,229.083333333333,2.4305555555770297e-4,146,206
1,9,229.208333333333,2.4305555552928126e-4,146,206
1,10,227.458333333333,2.4305555555770297e-4,152,218
1,10,227.541666666667,2.3148148147811298e-4,152,218
1,10,227.708333333333,2.4305555555770297e-4,152,218
1,10,228.125,2.4305555555770297e-4,152,218
1,10,228.166666666667,2.3148148147811298e-4,152,218
1,10,228.333333333333,2.4305555555770297e-4,152,218
1,10,228.375,2.3148148147811298e-4,152,218
1,10,228.416666666667,2.4305555555770297e-4,152,218
1,10,228.5,2.4305555555770297e-4,152,218
1,10,228.541666666667,0.004004629629577039,152,218
1,10,228.583333333333,0.049953703703636165,152,218
1,10,228.625,0.01586805555550086,152,218
1,10,228.666666666667,0.032766203703886276,152,218
1,10,228.708333333333,0.0165856481481228,152,218
1,10,228.75,0.04847222222232972,152,218
1,10,228.791666666667,0.023425925925977253,152,218
1,10,228.833333333333,0.041851851851816946,152,218
1,10,229,2.4305555555770297e-4,152,218
1,10,229.041666666667,2.4305555552928126e-4,152,218
1,10,229.083333333333,2.4305555555770297e-4,152,218
1,10,229.125,2.4305555555770297e-4,152,218
1,10,229.458333333333,2.430555556145464e-4,152,218
1,10,229.75,2.4305555552928126e-4,152,218
1,12,228.875,0.00232638888886072,230,291
1,13,228.875,4.050925925866977e-4,289,355
1,13,229.041666666667,6.481481481444007e-4,289,355
1,13,229.458333333333,0.01660879629625356,289,355
1,13,229.5,0.03883101851855031,289,355
1,13,229.541666666667,0.028391203703847623,289,355
1,13,229.583333333333,0.020972222222468417,289,355
1,13,229.625,0.024039351851854462,289,355
1,13,229.666666666667,0.015844907407483788,289,355
1,13,229.708333333333,0.017488425925620277,289,355
1,13,229.75,0.023356481481528135,289,355
1,13,229.791666666667,0.033622685185093815,289,355
1,13,229.833333333333,0.04407407407404662,289,355
1,13,229.875,0.04243055555559749,289,355
1,13,229.916666666667,0.05031250000004661,289,355
1,13,229.958333333333,0.036134259259057444,289,355
1,13,230,0.043460648148368364,289,355
1,13,230.041666666667,0.018553240740970978,289,355
1,13,230.083333333333,0.03245370370359524,289,355
1,13,230.125,0.0442129629630017,289,355
1,13,230.166666666667,0.02701388888866063,289,355
1,13,230.208333333333,0.007939814814761803,289,355
1,13,230.25,0.01787037037030359,289,355
1,13,230.291666666667,0.03391203703688461,289,355
1,13,230.333333333333,0.004803240740642423,289,355
1,13,230.375,0.001331018518555993,289,355
1,13,230.416666666667,0.011712962962945994,289,355
1,13,230.458333333333,0.030844907407470146,289,355
1,13,230.5,0.0036226851852063646,289,355
1,13,230.541666666667,0.019791666666634455,289,355
1,13,230.583333333333,0.012754629629654346,289,355
1,13,230.625,0.003935185185156342,289,355
1,13,230.666666666667,7.291666665878438e-4,289,355
1,13,230.708333333333,0.0032523148146879066,289,355
1,13,230.75,0.048275462962863,289,355
1,13,230.791666666667,0.034351851851937454,289,355
1,13,230.833333333333,0.030914351851777155,289,355
1,13,230.875,0.03699074074077657,289,355
1,13,230.916666666667,0.03276620370394312,289,355
1,13,230.958333333333,0.06545138888887436,289,355
1,13,231,0.010081018518576457,289,355
1,13,231.041666666667,0.06858796296299374,289,355
1,13,231.083333333333,0.005069444444586679,289,355
1,13,231.125,0.017858796296337687,289,355
1,13,231.166666666667,0.030196759259183636,289,355
1,13,231.208333333333,0.03597222222225582,289,355
1,13,231.25,0.0290624999997533,289,355
1,13,231.291666666667,0.034155092592584424,289,355
1,13,231.333333333333,0.014444444444222881,289,355
1,13,231.375,0.025034722222130767,289,355
1,13,231.416666666667,0.00645833333334167,289,355
1,14,228.125,2.314814815065347e-4,304,368
1,14,229.458333333333,0.00553240740745764,304,368
1,14,229.5,2.4305555550085955e-4,304,368
1,14,229.541666666667,2.314814815349564e-4,304,368
1,14,230.333333333333,0.03312499999995566,304,368
1,14,230.375,0.025821759259514465,304,368
1,14,230.416666666667,0.03203703703687211,304,368
1,14,230.458333333333,0.0309375000000216,304,368
1,14,230.5,0.007291666666588981,304,368
1,14,230.541666666667,0.020636574073932934,304,368
1,14,230.583333333333,0.029108796296299033,304,368
1,14,230.625,0.04243055555551223,304,368
1,14,230.666666666667,0.018125000000139835,304,368
1,14,230.708333333333,0.026805555555625915,304,368
1,14,230.75,0.024155092592849314,304,368
1,14,230.791666666667,0.03106481481469814,304,368
1,14,230.833333333333,0.024768518518413885,304,368
1,14,230.875,0.019884259259129067,304,368
1,14,230.916666666667,0.09817129629627175,304,368
1,14,231,0.024421296296338824,304,368
1,14,231.041666666667,0.3148726851852075,304,368
1,14,231.333333333333,0.08185185185180899,304,368
1,14,231.416666666667,0.005648148148168275,304,368
1,14,231.458333333333,0.0036111111111267746,304,368
1,14,231.5,2.314814815065347e-4,304,368
1,15,232.208333333333,0.0020833333333598603,495,560
1,15,232.291666666667,0.010092592592627625,495,560
1,15,232.333333333333,0.06850694444446503,495,560
1,15,232.375,0.0014351851851301944,495,560
1,15,232.416666666667,0.029872685185239334,495,560
1,15,232.458333333333,0.004166666666691299,495,560
1,15,232.5,0.018055555555548608,495,560
2,1,227.458333333333,4.6296296295622597e-4,0,32
2,1,227.5,0.0036342592593143763,0,32
2,1,227.541666666667,0.004652777777920392,0,32
2,1,227.583333333333,6.944444444059172e-4,0,32
2,1,227.708333333333,4.7453703703581596e-4,0,32
2,1,227.833333333333,2.4305555555770297e-4,0,32
2,1,227.958333333333,2.4305555550085955e-4,0,32
2,1,228,2.430555556145464e-4,0,32
2,1,228.208333333333,2.4305555555770297e-4,0,32
2,1,228.291666666667,4.6296296295622597e-4,0,32
2,1,228.708333333333,4.6296296289938255e-4,0,32
2,1,228.791666666667,2.314814815065347e-4,0,32
2,1,228.916666666667,2.4305555555770297e-4,0,32
2,1,228.958333333333,2.3148148147811298e-4,0,32
2,1,229.083333333333,2.314814815065347e-4,0,32
2,1,229.208333333333,2.4305555555770297e-4,0,32
2,1,229.291666666667,2.3148148144969127e-4,0,32
2,1,229.5,2.4305555558612468e-4,0,32
2,1,229.583333333333,2.3148148142126956e-4,0,32
2,1,229.666666666667,4.861111110301408e-4,0,32
2,1,229.75,2.3148148147811298e-4,0,32
2,1,229.791666666667,2.3148148147811298e-4,0,32
2,1,229.833333333333,2.3148148147811298e-4,0,32
2,1,229.875,7.060185185991941e-4,0,32
2,1,229.916666666667,7.175925925935189e-4,0,32
2,1,230,2.3148148147811298e-4,0,32
2,1,230.125,2.4305555550085955e-4,0,32
2,1,230.208333333333,2.430555556145464e-4,0,32
2,1,230.25,2.4305555555770297e-4,0,32
2,1,230.416666666667,2.3148148147811298e-4,0,32
2,1,230.5,7.060185185423506e-4,0,32
2,1,230.708333333333,2.4305555555770297e-4,0,32
2,1,230.791666666667,2.3148148147811298e-4,0,32
2,1,230.875,2.3148148147811298e-4,0,32
2,1,230.958333333333,2.4305555555770297e-4,0,32
2,1,231,4.7453703703581596e-4,0,32
2,1,231.166666666667,2.3148148142126956e-4,0,32
2,1,231.416666666667,2.4305555555770297e-4,0,32
2,1,232,4.7453703700739425e-4,0,32
2,1,232.041666666667,2.3148148147811298e-4,0,32
2,1,232.083333333333,7.175925926219406e-4,0,32
2,1,232.125,2.3148148147811298e-4,0,32
2,1,232.166666666667,2.3148148147811298e-4,0,32
2,1,233.083333333333,2.3148148147811298e-4,0,32
2,1,233.208333333333,2.3148148147811298e-4,0,32
2,1,233.958333333333,2.3148148147811298e-4,0,32
2,1,234.208333333333,2.4305555552928126e-4,0,32
2,1,237.166666666667,2.4305555550085955e-4,0,32
2,2,227.416666666667,0.018032407407304163,0,42
2,2,227.458333333333,0.002650462962861866,0,42
2,2,227.5,0.0047916666668754715,0,42
2,2,227.541666666667,0.0015624999999772626,0,42
2,2,227.583333333333,2.4305555555770297e-4,0,42
2,2,227.625,2.4305555555770297e-4,0,42
2,2,227.708333333333,4.7453703700739425e-4,0,42
2,2,227.875,2.430555556145464e-4,0,42
2,2,227.916666666667,2.3148148147811298e-4,0,42
2,2,228.125,2.3148148147811298e-4,0,42
2,2,228.166666666667,2.4305555555770297e-4,0,42
2,2,228.25,2.3148148147811298e-4,0,42
2,2,228.291666666667,2.4305555555770297e-4,0,42
2,2,228.333333333333,4.8611111111540595e-4,0,42
2,2,228.375,4.8611111111540595e-4,0,42
2,2,228.625,4.39814814797046e-4,0,42
2,2,228.75,2.3148148147811298e-4,0,42
2,2,228.833333333333,4.8611111117224937e-4,0,42
2,2,228.875,7.175925925366755e-4,0,42
2,2,229,2.4305555550085955e-4,0,42
2,2,229.125,2.4305555552928126e-4,0,42
2,2,229.166666666667,7.175925925366755e-4,0,42
2,2,229.25,2.314814815065347e-4,0,42
2,2,229.291666666667,2.430555556145464e-4,0,42
2,2,229.833333333333,2.430555556145464e-4,0,42
2,2,229.875,4.7453703700739425e-4,0,42
2,2,229.916666666667,2.4305555555770297e-4,0,42
2,2,230.041666666667,2.430555556145464e-4,0,42
2,2,230.125,4.7453703706423767e-4,0,42
2,2,230.375,2.3148148147811298e-4,0,42
2,2,231.25,2.4305555555770297e-4,0,42
2,2,231.291666666667,2.4305555558612468e-4,0,42
2,2,231.333333333333,2.3148148147811298e-4,0,42
2,2,231.5,2.3148148147811298e-4,0,42
2,2,232.5,2.314814815349564e-4,0,42
2,2,232.625,2.3148148147811298e-4,0,42
2,2,232.75,2.3148148147811298e-4,0,42
2,2,232.791666666667,4.7453703706423767e-4,0,42
2,2,232.833333333333,2.4305555555770297e-4,0,42
2,2,233,2.4305555555770297e-4,0,42
2,2,233.708333333333,2.4305555558612468e-4,0,42
2,2,234,2.3148148142126956e-4,0,42
2,2,234.208333333333,4.7453703700739425e-4,0,42
2,2,234.25,7.060185185139289e-4,0,42
2,2,234.333333333333,2.4305555555770297e-4,0,42
2,2,234.833333333333,2.4305555555770297e-4,0,42
2,2,235.166666666667,4.6296296295622597e-4,0,42
2,2,235.208333333333,2.3148148144969127e-4,0,42
2,2,235.291666666667,4.7453703703581596e-4,0,42
2,2,235.333333333333,2.4305555552928126e-4,0,42
2,2,235.375,2.4305555558612468e-4,0,42
2,2,235.458333333333,2.3148148147811298e-4,0,42
2,2,235.916666666667,4.7453703700739425e-4,0,42
2,2,235.958333333333,4.629629629846477e-4,0,42
2,2,236.125,2.4305555555770297e-4,0,42
2,2,236.208333333333,4.6296296292780426e-4,0,42
2,2,236.25,2.3148148147811298e-4,0,42
2,2,236.958333333333,2.3148148144969127e-4,0,42
2,2,237.458333333333,4.629629630414911e-4,0,42
2,2,237.625,2.4305555555770297e-4,0,42
2,2,238.291666666667,2.3148148144969127e-4,0,42
2,2,238.916666666667,2.314814815065347e-4,0,42
2,3,227.416666666667,0.0026620370370835644,9,74
2,3,227.458333333333,2.4305555552928126e-4,9,74
2,3,227.708333333333,0.01745370370377941,9,74
2,3,227.75,0.0061226851851472475,9,74
2,3,227.791666666667,0.001423611110993761,9,74
2,3,227.833333333333,9.259259259124519e-4,9,74
2,3,227.875,2.3148148147811298e-4,9,74
2,3,227.916666666667,4.8611111111540595e-4,9,74
2,3,227.958333333333,0.00326388888882434,9,74
2,3,228,0.0021180555554281,9,74
2,3,228.041666666667,0.003148148148255814,9,74
2,3,228.083333333333,0.0015162037036873244,9,74
2,3,228.125,0.0011574074074474083,9,74
2,3,230.208333333333,2.4305555555770297e-4,9,74
2,3,230.25,2.314814815349564e-4,9,74
2,3,230.625,2.4305555555770297e-4,9,74
2,3,230.666666666667,4.7453703703581596e-4,9,74
2,3,230.708333333333,4.745370370926594e-4,9,74
2,3,230.75,6.944444444627607e-4,9,74
2,3,230.875,2.4305555555770297e-4,9,74
2,3,234.75,2.430555556145464e-4,9,74
2,3,234.791666666667,7.060185184855072e-4,9,74
2,3,234.916666666667,2.4305555552928126e-4,9,74
2,3,235.041666666667,2.4305555552928126e-4,9,74
2,3,235.083333333333,2.3148148147811298e-4,9,74
2,3,235.166666666667,2.3148148147811298e-4,9,74
2,3,235.333333333333,2.4305555555770297e-4,9,74
2,3,236.083333333333,2.4305555555770297e-4,9,74
2,3,236.208333333333,2.3148148147811298e-4,9,74
2,3,236.583333333333,2.4305555555770297e-4,9,74
2,3,236.791666666667,2.3148148147811298e-4,9,74
2,3,237,2.4305555555770297e-4,9,74
2,3,237.5,2.3148148147811298e-4,9,74
2,3,237.833333333333,2.4305555558612468e-4,9,74
2,3,237.916666666667,2.430555556145464e-4,9,74
2,3,237.958333333333,9.606481481796436e-4,9,74
2,3,238.125,2.4305555550085955e-4,9,74
2,3,238.166666666667,2.4305555558612468e-4,9,74
2,3,238.416666666667,2.4305555555770297e-4,9,74
2,3,238.958333333333,4.8611111108698424e-4,9,74
2,4,227.416666666667,0.004421296296385435,18,83
2,4,227.458333333333,2.3148148147811298e-4,18,83
2,4,227.5,7.407407407242772e-4,18,83
2,4,227.708333333333,0.0337152777778158,18,83
2,4,227.75,0.03314814814820011,18,83
2,4,227.791666666667,0.028506944444302462,18,83
2,4,227.833333333333,0.02031249999998863,18,83
2,4,227.875,0.01894675925922229,18,83
2,4,227.916666666667,0.016412037037156324,18,83
2,4,227.958333333333,0.03391203703714041,18,83
2,4,228,0.014328703703796464,18,83
2,4,228.041666666667,0.019467592592434357,18,83
2,4,228.083333333333,0.008680555555514502,18,83
2,4,228.125,0.039560185185194996,18,83
2,4,228.166666666667,0.0026736111111347327,18,83
2,4,234.041666666667,7.175925925935189e-4,18,83
2,4,235.125,4.745370369221291e-4,18,83
2,4,235.291666666667,2.4305555555770297e-4,18,83
2,4,236.083333333333,2.3148148147811298e-4,18,83
2,4,236.916666666667,4.7453703703581596e-4,18,83
2,4,236.958333333333,2.4305555555770297e-4,18,83
2,4,237,2.3148148147811298e-4,18,83
2,4,237.041666666667,2.314814815065347e-4,18,83
2,4,237.916666666667,2.3148148147811298e-4,18,83
2,4,237.958333333333,2.314814815349564e-4,18,83
2,5,228.125,2.4305555550085955e-4,51,111
2,5,228.166666666667,0.0030092592592154688,51,111
2,5,228.208333333333,0.003356481481546325,51,111
2,5,228.25,2.3148148147811298e-4,51,111
2,5,228.416666666667,7.754629630198906e-4,51,111
2,5,228.458333333333,0.008240740740717456,51,111
2,5,228.5,2.3148148147811298e-4,51,111
2,5,228.541666666667,9.722222223444987e-4,51,111
2,5,228.583333333333,4.39814814797046e-4,51,111
2,6,228.125,0.004236111111140417,60,119
2,6,228.166666666667,0.010497685185271166,60,119
2,6,228.208333333333,0.029594907407528126,60,119
2,6,228.25,0.009930555555513365,60,119
2,6,228.291666666667,0.024803240741022137,60,119
2,6,228.333333333333,0.005104166666654919,60,119
2,6,228.375,0.005011574074103464,60,119
2,6,228.416666666667,0.012222222222192158,60,119
2,6,228.458333333333,9.490740740716319e-4,60,119
2,6,228.5,0.01140046296288233,60,119
2,6,228.541666666667,0.0035300925925128013,60,119
2,6,228.583333333333,0.001087962962913025,60,119
2,8,228.583333333333,4.6296296295622597e-4,105,166
2,9,228.583333333333,0.0012499999999988631,146,206
2,9,232.333333333333,0.005243055555382625,146,206
2,9,232.375,0.006620370370342243,146,206
2,9,232.416666666667,5.324074074053442e-4,146,206
2,10,228.583333333333,0.01009259259254236,152,218
2,10,228.625,0.027037037037018763,152,218
2,10,228.666666666667,0.07961805555564183,152,218
2,10,228.75,0.02468749999994202,152,218
2,10,228.791666666667,0.015173611111123364,152,218
2,10,228.833333333333,0.03353009259271289,152,218
2,10,228.875,0.07755787037041273,152,218
2,10,228.916666666667,0.2855902777777999,152,218
2,10,229.208333333333,0.0035648148147515712,152,218
2,10,229.25,4.7453703703581596e-4,152,218
2,10,229.291666666667,0.0892013888889096,152,218
2,10,229.375,0.004560185185141563,152,218
2,10,229.416666666667,0.09603009259262762,152,218
2,10,229.5,0.013564814814884585,152,218
2,10,229.541666666667,0.03826388888887777,152,218
2,10,229.583333333333,0.018796296296386572,152,218
2,10,229.625,0.001388888888953943,152,218
2,10,229.666666666667,0.03439814814802844,152,218
2,10,229.708333333333,0.022407407407371238,152,218
2,10,229.75,0.009537037037148366,152,218
2,10,229.791666666667,0.03519675925917909,152,218
2,10,229.833333333333,0.0024074074073610063,152,218
2,10,230.125,7.291666666446872e-4,152,218
2,10,230.166666666667,0.03843750000007162,152,218
2,10,230.208333333333,0.026122685185242744,152,218
2,10,230.25,2.3148148147811298e-4,152,218
2,10,230.416666666667,0.06546296296295395,152,218
2,10,230.458333333333,2.314814815065347e-4,152,218
2,10,230.5,0.015127314814776582,152,218
2,10,230.541666666667,0.022916666666873198,152,218
2,10,230.583333333333,0.007673611111243872,152,218
2,10,230.625,0.0017245370369778357,152,218
2,10,230.666666666667,2.3148148147811298e-4,152,218
2,10,230.75,2.4305555555770297e-4,152,218
2,10,230.791666666667,0.016643518518606015,152,218
2,10,230.833333333333,0.01055555555572596,152,218
2,10,230.875,0.003912037037025584,152,218
2,10,230.916666666667,2.3148148147811298e-4,152,218
2,10,230.958333333333,0.0030787037036361653,152,218
2,10,231,0.025995370370196724,152,218
2,10,231.041666666667,0.03273148148181804,152,218
2,10,231.083333333333,0.024305555555201863,152,218
2,10,231.125,0.029710648147840857,152,218
2,10,231.166666666667,0.03215277777789538,152,218
2,10,231.208333333333,0.02306712962959523,152,218
2,10,231.25,0.020879629629774854,152,218
2,10,231.291666666667,0.020486111110869842,152,218
2,10,231.333333333333,0.028657407407592927,152,218
2,10,231.375,0.016574074073929523,152,218
2,10,231.416666666667,0.003692129629627061,152,218
2,10,231.458333333333,0.005543981481423543,152,218
2,10,231.5,0.009074074073879501,152,218
2,10,231.541666666667,0.018379629629578176,152,218
2,10,231.583333333333,0.03459490740721094,152,218
2,10,231.625,0.016354166666616266,152,218
2,10,231.666666666667,5.902777777748724e-4,152,218
2,10,231.833333333333,3.7037037034792775e-4,152,218
2,10,232.125,2.4305555555770297e-4,152,218
2,10,232.166666666667,4.8611111105856253e-4,152,218
2,10,232.208333333333,0.004490740740664023,152,218
2,10,232.25,0.02530092592584765,152,218
2,10,232.291666666667,0.05347222222232517,152,218
2,10,232.333333333333,0.026296296296266064,152,218
2,10,232.375,0.040335648148015935,152,218
2,10,232.416666666667,0.007118055555594083,152,218
2,10,232.458333333333,2.4305555555770297e-4,152,218
2,10,232.5,4.8611111111540595e-4,152,218
2,10,232.541666666667,7.175925926219406e-4,152,218
2,10,232.583333333333,0.005081018518495739,152,218
2,11,228.666666666667,4.6296296295622597e-4,224,285
2,11,228.708333333333,2.4305555555770297e-4,224,285
2,11,230.333333333333,2.3148148147811298e-4,224,285
2,12,228.708333333333,2.3148148147811298e-4,230,291
2,12,229,4.8611111111540595e-4,230,291
2,12,229.041666666667,0.0037615740740761794,230,291
2,12,229.083333333333,2.3148148147811298e-4,230,291
2,12,229.25,0.0011689814813848898,230,291
2,12,232.625,0.03649305555549631,230,291
2,12,232.666666666667,0.01119212962962024,230,291
2,12,232.958333333333,0.22596064814803185,230,291
2,12,233.208333333333,0.011932870370458204,230,291
2,12,233.25,0.0073495370371006175,230,291
2,12,233.291666666667,0.027037037037246137,230,291
2,12,233.333333333333,0.03467592592610913,230,291
2,12,233.375,0.027037037037018763,230,291
2,12,233.458333333333,0.0025694444445321096,230,291
2,12,233.5,2.3148148144969127e-4,230,291
2,13,233.708333333333,0.019861111111111995,289,355
2,13,233.75,0.047280092592728806,289,355
2,13,233.791666666667,0.04168981481481637,289,355
2,13,233.833333333333,0.03237268518518022,289,355
2,13,233.875,0.04932870370370779,289,355
2,13,233.916666666667,0.09853009259262535,289,355
2,13,234,0.011354166666706078,289,355
2,13,234.083333333333,0.009652777777802157,289,355
2,13,234.125,0.04379629629630699,289,355
2,13,234.166666666667,0.027812500000237605,289,355
2,13,234.208333333333,0.01855324074082887,289,355
2,13,234.25,0.03949074074083114,289,355
2,13,234.291666666667,0.020891203703541805,289,355
2,13,234.333333333333,0.02702546296288233,289,355
2,13,234.375,0.01730324074071632,289,355
2,13,234.416666666667,0.006261574074159171,289,355
2,14,228.416666666667,2.4305555555770297e-4,304,368
2,14,229.125,2.314814815065347e-4,304,368
2,14,233.708333333333,0.022615740740747015,304,368
2,14,233.75,0.09474537037047526,304,368
2,14,233.833333333333,0.6045138888889028,304,368
2,14,234.458333333333,7.175925926503623e-4,304,368
2,14,234.625,0.00118055555563501,304,368
3,1,227.5,0.004965277777785104,0,32
3,1,227.541666666667,0.014386574074080727,0,32
3,1,227.583333333333,0.005057870370279716,0,32
3,1,227.625,0.00475694444460828,0,32
3,1,227.666666666667,0.0033796296295918182,0,32
3,1,227.708333333333,2.4305555555770297e-4,0,32
3,2,227.666666666667,3.5879629629675946e-4,0,42
3,2,227.708333333333,2.4305555555770297e-4,0,42
3,3,227.708333333333,0.012372685185198407,9,74
3,3,228.25,2.4305555555770297e-4,9,74
3,3,228.291666666667,2.4305555555770297e-4,9,74
3,4,227.708333333333,0.010578703703771453,18,83
3,4,227.833333333333,2.4305555555770297e-4,18,83
3,4,227.875,2.3148148147811298e-4,18,83
3,4,227.916666666667,2.4305555555770297e-4,18,83
3,4,227.958333333333,4.629629630130694e-4,18,83
3,4,228.041666666667,2.314814815065347e-4,18,83
3,4,228.125,2.3148148147811298e-4,18,83
3,4,228.208333333333,4.745370370926594e-4,18,83
3,4,228.375,2.4305555555770297e-4,18,83
3,4,228.416666666667,2.4305555552928126e-4,18,83
3,4,228.708333333333,2.4305555555770297e-4,18,83
3,4,229.833333333333,4.8611111117224937e-4,18,83
3,4,235.916666666667,2.3148148144969127e-4,18,83
3,5,227.708333333333,4.8611111108698424e-4,51,111
3,6,227.708333333333,9.953703703899919e-4,60,119
3,6,227.75,2.3148148144969127e-4,60,119
3,6,230.208333333333,7.060185184570855e-4,60,119
3,6,230.25,8.912037037021037e-4,60,119
3,6,232.083333333333,2.4305555555770297e-4,60,119
3,6,232.125,4.7453703703581596e-4,60,119
3,6,232.166666666667,2.4305555555770297e-4,60,119
3,6,232.208333333333,2.3148148147811298e-4,60,119
3,6,232.333333333333,2.4305555550085955e-4,60,119
3,6,232.416666666667,2.314814815349564e-4,60,119
3,6,235.083333333333,2.4305555555770297e-4,60,119
3,6,235.125,4.7453703703581596e-4,60,119
3,6,235.208333333333,2.3148148144969127e-4,60,119
3,6,235.25,2.3148148147811298e-4,60,119
3,6,235.416666666667,2.4305555555770297e-4,60,119
3,7,229.25,0.002280092592513938,97,157
3,7,229.291666666667,0.003761574074104601,97,157
3,7,229.333333333333,4.8611111105856253e-4,97,157
3,7,229.958333333333,2.430555556145464e-4,97,157
3,8,228.416666666667,0.0018287037036373022,105,166
3,8,229.291666666667,0.026111111111049468,105,166
3,8,229.333333333333,0.01355324074071973,105,166
3,8,230.625,4.976851851949959e-4,105,166
3,9,230.75,5.787037037237042e-4,146,206
3,10,230.625,0.0031018518518806104,152,218
3,10,230.666666666667,0.018333333333117707,152,218
3,10,230.708333333333,0.0296759259261421,152,218
3,10,230.75,0.020625000000052296,152,218
3,10,230.791666666667,0.0022106481482069285,152,218
3,11,230.791666666667,0.004004629629662304,224,285
3,12,230.791666666667,0.0047453703703581596,230,291
3,13,230.875,0.004108796296293349,289,355
3,14,230.833333333333,0.0014120370369710145,304,368
3,14,230.875,0.012557870370386581,304,368
3,14,232.25,2.3148148147811298e-4,304,368
3,14,235.875,2.4305555550085955e-4,304,368
3,15,231.541666666667,0.0028356481481353057,495,560
4,1,227.5,7.060185184286638e-4,0,32
4,1,227.583333333333,0.004201388888901647,0,32
4,1,227.625,0.0018865740739784087,0,32
4,1,227.666666666667,7.175925926219406e-4,0,32
4,1,227.708333333333,7.060185184570855e-4,0,32
4,1,227.75,2.3148148147811298e-4,0,32
4,1,227.875,7.291666666162655e-4,0,32
4,1,227.916666666667,2.430555556145464e-4,0,32
4,1,228,2.4305555555770297e-4,0,32
4,1,228.416666666667,2.4305555555770297e-4,0,32
4,1,228.541666666667,6.94444444434339e-4,0,32
4,1,228.583333333333,8.449074074121654e-4,0,32
4,1,228.625,0.0014467592592097844,0,32
4,1,228.708333333333,7.291666666162655e-4,0,32
4,1,228.75,0.0021296296295361117,0,32
4,1,228.791666666667,9.259259258840302e-4,0,32
4,1,229,4.7453703706423767e-4,0,32
4,1,229.291666666667,2.314814815065347e-4,0,32
4,1,229.666666666667,2.3148148147811298e-4,0,32
4,1,230.166666666667,4.8611111111540595e-4,0,32
4,1,230.625,2.3148148142126956e-4,0,32
4,1,230.916666666667,2.4305555555770297e-4,0,32
4,1,231.041666666667,2.4305555555770297e-4,0,32
4,1,231.083333333333,2.3148148147811298e-4,0,32
4,1,231.125,2.314814815065347e-4,0,32
4,1,232.375,2.314814815349564e-4,0,32
4,1,232.958333333333,2.4305555550085955e-4,0,32
4,1,233.208333333333,2.4305555552928126e-4,0,32
4,1,233.25,2.430555556145464e-4,0,32
4,1,233.291666666667,2.4305555555770297e-4,0,32
4,1,233.375,4.629629630699128e-4,0,32
4,1,234.333333333333,2.4305555555770297e-4,0,32
4,2,227.458333333333,8.796296296225137e-4,0,42
4,2,227.5,0.005462962963008522,0,42
4,2,227.541666666667,0.0031828703703524752,0,42
4,2,227.583333333333,9.374999999351985e-4,0,42
4,2,227.625,4.7453703703581596e-4,0,42
4,2,227.666666666667,2.3148148147811298e-4,0,42
4,2,227.708333333333,0.002569444444503688,0,42
4,2,227.75,0.0028819444442547137,0,42
4,2,227.791666666667,4.6296296295622597e-4,0,42
4,2,227.833333333333,0.010821759259044939,0,42
4,2,227.875,0.012685185185461023,0,42
4,2,227.916666666667,0.00849537037069581,0,42
4,2,227.958333333333,0.012094907407544042,0,42
4,2,228,0.006342592592602614,0,42
4,2,228.041666666667,0.008831018518407063,0,42
4,2,228.083333333333,0.011620370370337696,0,42
4,2,228.125,0.008240740740575347,0,42
4,2,228.166666666667,0.008090277777597521,0,42
4,2,228.208333333333,0.0018749999999556621,0,42
4,2,228.25,0.0031828703702387884,0,42
4,2,228.291666666667,0.0019560185184843704,0,42
4,2,228.333333333333,0.0028935185184479906,0,42
4,2,228.375,0.002604166666628771,0,42
4,2,228.416666666667,0.001527777777795336,0,42
4,2,228.458333333333,2.4305555555770297e-4,0,42
4,2,228.5,0.0028009259260102226,0,42
4,2,228.541666666667,0.0028819444444820874,0,42
4,2,228.583333333333,0.004050925925952242,0,42
4,2,228.625,0.0012152777777600932,0,42
4,2,228.708333333333,0.0024537037036793663,0,42
4,2,228.75,6.944444443774955e-4,0,42
4,2,229.833333333333,2.4305555555770297e-4,0,42
4,2,234.958333333333,2.4305555552928126e-4,0,42
4,3,227.791666666667,2.3148148147811298e-4,9,74
4,3,227.958333333333,0.0028356481481353057,9,74
4,3,228,7.060185185139289e-4,9,74
4,3,228.041666666667,0.0016435185184775492,9,74
4,3,228.083333333333,0.0047222222221137145,9,74
4,3,228.125,9.259259259692953e-4,9,74
4,3,228.166666666667,0.0016782407408584277,9,74
4,3,228.208333333333,0.003182870370380897,9,74
4,3,228.25,0.0021527777777237134,9,74
4,3,228.291666666667,0.00785879629631836,9,74
4,3,228.333333333333,0.003622685185177943,9,74
4,3,228.375,0.0025925925925207594,9,74
4,3,228.416666666667,2.3148148147811298e-4,9,74
4,3,228.458333333333,2.4305555550085955e-4,9,74
4,3,228.5,7.291666666731089e-4,9,74
4,3,228.541666666667,0.0024884259258897146,9,74
4,3,228.583333333333,0.026493055555619094,9,74
4,3,228.625,0.01096064814802844,9,74
4,3,228.666666666667,0.013171296296235369,9,74
4,3,228.708333333333,0.03353009259234341,9,74
4,3,228.75,0.018993055555512228,9,74
4,3,228.833333333333,9.375000000488853e-4,9,74
4,3,228.875,9.953703703047267e-4,9,74
4,3,228.916666666667,2.3148148147811298e-4,9,74
4,3,228.958333333333,0.0017013888889039208,9,74
4,3,229.125,0.002141203703786232,9,74
4,3,229.166666666667,2.3148148144969127e-4,9,74
4,3,229.208333333333,6.944444444627607e-4,9,74
4,3,229.708333333333,0.0049537037036770926,9,74
4,3,231.375,2.4305555555770297e-4,9,74
4,3,231.416666666667,2.4305555555770297e-4,9,74
4,3,231.958333333333,2.4305555555770297e-4,9,74
4,3,232.916666666667,2.3148148147811298e-4,9,74
4,3,234.041666666667,2.3148148147811298e-4,9,74
4,3,236.791666666667,2.4305555555770297e-4,9,74
4,4,227.708333333333,0.02155092592585106,18,83
4,4,227.75,0.05089120370371347,18,83
4,4,227.791666666667,0.01907407407409778,18,83
4,4,227.833333333333,0.008171296296382025,18,83
4,4,227.875,0.010983796296386572,18,83
4,4,227.916666666667,0.010486111111219998,18,83
4,4,227.958333333333,0.012916666666711762,18,83
4,4,228,0.027037037036933498,18,83
4,4,228.041666666667,0.025636574073786278,18,83
4,4,228.083333333333,0.023078703703617975,18,83
4,4,228.125,0.02138888888904944,18,83
4,4,228.166666666667,0.020034722221822676,18,83
4,4,228.208333333333,0.028333333333137034,18,83
4,4,228.25,0.010081018518519613,18,83
4,4,228.291666666667,0.0055787037035486264,18,83
4,4,228.333333333333,0.010775462962897109,18,83
4,4,228.375,0.02947916666681749,18,83
4,4,228.416666666667,0.024571759258947168,18,83
4,4,228.458333333333,0.032210648148691234,18,83
4,4,228.5,0.1509259259258613,18,83
4,4,228.625,0.0050347222222342225,18,83
4,4,228.666666666667,0.025625000000161435,18,83
4,4,228.708333333333,0.05219907407413871,18,83
4,4,228.75,0.021307870370520732,18,83
4,4,228.791666666667,0.01653935185197497,18,83
4,4,228.833333333333,0.023784722222330856,18,83
4,4,228.875,0.029606481481550873,18,83
4,4,228.916666666667,0.0018402777778021573,18,83
4,4,228.958333333333,0.004479166666612855,18,83
4,4,229,7.060185185423506e-4,18,83
4,4,229.041666666667,7.175925925935189e-4,18,83
4,4,229.083333333333,2.4305555550085955e-4,18,83
4,4,229.125,0.0016550925925571391,18,83
4,4,229.208333333333,0.0017708333332109305,18,83
4,4,229.25,6.944444444911824e-4,18,83
4,4,229.291666666667,4.629629630130694e-4,18,83
4,4,229.708333333333,0.016990740740538968,18,83
4,4,229.75,0.0012615740741068748,18,83
4,4,230.791666666667,2.3148148147811298e-4,18,83
4,4,231.208333333333,2.4305555555770297e-4,18,83
4,4,231.291666666667,2.3148148147811298e-4,18,83
4,4,231.375,4.7453703706423767e-4,18,83
4,4,231.458333333333,2.4305555558612468e-4,18,83
4,4,231.583333333333,2.3148148147811298e-4,18,83
4,4,234.208333333333,2.4305555555770297e-4,18,83
4,5,229.708333333333,8.796296296225137e-4,51,111
4,5,229.75,0.0031481481481705487,51,111
4,6,229.708333333333,7.175925925650972e-4,60,119
4,6,229.75,0.001238425925834008,60,119
4,6,235.166666666667,4.6296296292780426e-4,60,119
4,8,228.416666666667,2.4305555555770297e-4,105,166
4,8,230.291666666667,2.3148148147811298e-4,105,166
4,8,230.333333333333,7.870370370710589e-4,105,166
4,8,231.625,0.01321759259241162,105,166
4,9,231.666666666667,2.4305555552928126e-4,146,206
4,9,232.333333333333,9.374999999920419e-4,146,206
4,9,232.416666666667,4.8611111111540595e-4,146,206
4,9,232.458333333333,4.7453703703581596e-4,146,206
4,9,232.5,4.7453703703581596e-4,146,206
4,10,228.25,2.3148148147811298e-4,152,218
4,10,231.625,0.008703703703730525,152,218
4,10,231.666666666667,0.012268518518595783,152,218
4,10,231.708333333333,0.016168981481683886,152,218
4,10,231.75,0.011435185185035834,152,218
4,10,231.791666666667,0.028483796295972752,152,218
4,10,231.833333333333,0.039016203703738483,152,218
4,10,231.875,0.03879629629628312,152,218
4,10,231.916666666667,0.03927083333331893,152,218
4,10,231.958333333333,0.03454861111111995,152,218
4,10,232,0.045833333333234805,152,218
4,10,232.041666666667,0.028136574073784004,152,218
4,10,232.083333333333,0.036562499999860165,152,218
4,10,232.125,0.051180555555561114,152,218
4,10,232.166666666667,0.03137731481470496,152,218
4,10,232.208333333333,0.0412847222222581,152,218
4,10,232.25,0.034340277777857864,152,218
4,10,232.291666666667,0.11087962962974984,152,218
4,10,232.375,0.014733796296241053,152,218
4,10,232.416666666667,0.03545138888898691,152,218
4,10,232.458333333333,0.04244212962964866,152,218
4,10,232.5,0.035162037037054006,152,218
4,10,232.541666666667,0.029039351851821493,152,218
4,10,232.583333333333,0.0077083333333405335,152,218
4,11,233.041666666667,4.629629629846477e-4,224,285
4,11,233.083333333333,2.4305555555770297e-4,224,285
4,11,233.458333333333,0.0012037037036236597,224,285
4,11,233.5,0.001157407407390565,224,285
4,11,233.583333333333,2.314814815065347e-4,224,285
4,11,233.625,9.490740740432102e-4,224,285
4,11,233.666666666667,4.629629629846477e-4,224,285
4,11,233.708333333333,3.356481481660012e-4,224,285
4,12,232.583333333333,0.0039120370370824276,230,291
4,12,232.625,0.007106481481372384,230,291
4,12,232.666666666667,0.009583333333324617,230,291
4,12,232.708333333333,0.013460648148225118,230,291
4,12,232.75,0.5404976851852439,230,291
4,12,233.291666666667,0.03302083333338146,230,291
4,12,233.333333333333,0.04797453703704946,230,291
4,12,233.375,0.020717592592632172,230,291
4,12,233.416666666667,0.0030902777777157553,230,291
4,12,233.458333333333,0.01277777777769984,230,291
4,12,233.5,0.028379629629512237,230,291
4,12,233.541666666667,0.015775462962835718,230,291
4,12,233.583333333333,0.02175925925928368,230,291
4,12,233.625,0.02903935185227624,230,291
4,12,233.666666666667,0.025381944444347937,230,291
4,12,233.708333333333,0.010613425925896536,230,291
4,13,233.708333333333,0.007037037037036953,289,355
4,14,233.708333333333,0.014872685185167711,304,368
4,14,233.75,0.024814814814959618,304,368
4,14,233.791666666667,0.028726851851729407,304,368
4,14,233.833333333333,0.04052083333326095,304,368
4,14,233.875,0.035601851851879474,304,368
4,14,233.916666666667,0.03025462962966685,304,368
4,14,233.958333333333,0.030949074073987504,304,368
4,14,234,0.052928240740783394,304,368
4,14,234.041666666667,0.08620370370368846,304,368
4,14,234.125,0.028576388888836846,304,368
4,14,234.166666666667,0.03261574074056739,304,368
4,14,234.208333333333,0.0361921296295975,304,368
4,14,234.25,0.08967592592608753,304,368
4,14,234.333333333333,0.03280092592586925,304,368
4,14,234.375,0.09179398148151563,304,368
4,14,234.458333333333,0.033865740740765204,304,368
4,14,234.5,0.035625000000067075,304,368
4,14,234.541666666667,0.04199074074068676,304,368
4,14,234.583333333333,0.02250000000003638,304,368
4,14,234.625,0.03252314814798751,304,368
4,14,234.666666666667,0.027951388888737938,304,368
4,14,234.708333333333,0.03370370370376463,304,368
4,14,234.75,0.04365740740738033,304,368
4,14,234.791666666667,0.08535879629624787,304,368
4,14,234.875,0.06814814814811143,304,368
4,14,234.916666666667,0.43980324074072996,304,368
4,14,235.375,0.053379629629574765,304,368
4,14,235.416666666667,0.008935185185180217,304,368
4,14,235.458333333333,0.0516898148148357,304,368
4,14,235.5,0.044317129629604324,304,368
4,14,235.541666666667,0.018576388888959627,304,368
4,14,235.583333333333,0.06925925925918364,304,368
4,14,235.625,0.0068171296296668515,304,368
4,14,235.666666666667,0.013784722222226264,304,368
4,15,235.75,0.0023958333333382598,495,560
